POS,iSAFE,DAF,chr,r2_rs7631605
36712192,5.643019609529607e-06,0.0329522528581035,3,2.24612e-08
36723574,1.7790102474345629e-06,0.0359784801613987,3,2.65791e-07
37302427,0.0,0.0033624747814391,3,2.89711e-07
37296632,0.0,0.0033624747814391,3,3.48045e-07
37273537,0.0013378797181948,0.0292535305985205,3,9.79794e-07
36734922,4.564283998250976e-05,0.1173503698722259,3,2.40593e-06
36732471,2.9056829780928063e-06,0.1563550773369199,3,4.02994e-06
36727197,2.899288868134166e-06,0.1563550773369199,3,4.02994e-06
37119610,0.0038798990929665,0.0094149293880295,3,4.85604e-06
37317917,0.0,0.0030262273032952,3,5.02533e-06
37184726,4.147836748564009e-06,0.0030262273032952,3,5.02533e-06
36738216,5.091247681870884e-06,0.156018829858776,3,5.98824e-06
36733776,0.0,0.003698722259583,3,9.95067e-06
37239108,0.0010133922799641,0.0090786819098856,3,1.47955e-05
36708162,5.058419363968702e-05,0.9119031607262944,3,1.81751e-05
36790339,0.0013741194212691,0.6765299260255548,3,1.82965e-05
37333307,0.0,0.0073974445191661,3,2.00508e-05
37370777,0.0027075687559615,0.0312710154673839,3,2.01828e-05
37306023,0.0052383970383136,0.0316072629455279,3,2.88704e-05
36732259,0.0,0.0040349697377269,3,3.02883e-05
37035822,0.0,0.0040349697377269,3,3.02883e-05
37355521,0.0007885661324808,0.0319435104236718,3,3.90046e-05
37419816,0.001051686958332,0.0527908540685944,3,4.22546e-05
36722992,0.0,0.0363147276395427,3,6.12008e-05
37190099,0.0082501545331458,0.0292535305985205,3,6.67206e-05
36790856,0.0015403192621856,0.6738399462004036,3,8.30481e-05
37171741,0.0,0.0110961667787491,3,8.54558e-05
37258112,0.000465384431198,0.0047074646940147,3,9.1755e-05
37246816,0.0001644740863086,0.0047074646940147,3,9.40531e-05
37324108,6.242549268002166e-05,0.0047074646940147,3,9.40531e-05
37381468,0.001166684820967,0.0047074646940147,3,9.40531e-05
37165817,0.0094889011331687,0.3406186953597848,3,0.000100961
36707686,6.728214791107103e-05,0.8473436449226631,3,0.000103424
36731820,0.0,0.0369872225958305,3,0.000104607
36763606,0.0001092147557987,0.2404169468728984,3,0.000110484
36741653,2.67420095566925e-06,0.0198386012104909,3,0.000112375
36746797,2.67420095566925e-06,0.0198386012104909,3,0.000112375
36724181,3.4233506023495115e-05,0.2205783456624075,3,0.000121545
36726074,0.0002560343571126,0.6072629455279085,3,0.000125071
36729341,0.0002480225624094,0.6075991930060525,3,0.000132155
37383895,0.0,0.0050437121721587,3,0.000134442
37293305,0.0,0.0050437121721587,3,0.000134442
37332876,0.0044888391474212,0.0090786819098856,3,0.000152907
36993699,2.8950573159665477e-05,0.0047074646940147,3,0.000163832
36720212,4.853938295432844e-05,0.2188971082716879,3,0.000168283
36714497,4.323313502022979e-05,0.2178883658372562,3,0.000199631
36714473,5.039227687691751e-05,0.2175521183591123,3,0.000211532
36714537,5.039227687691751e-05,0.2175521183591123,3,0.000211532
36791458,0.0005635018636482,0.9071956960322798,3,0.000221019
37121373,0.0,0.039004707464694,3,0.000222276
37233295,0.0010151809258007,0.0057162071284465,3,0.000227319
37039062,0.0011473416553794,0.0097511768661735,3,0.000229578
36783620,0.0004277151187439,0.3278412911903161,3,0.000233553
36783186,0.0004226945297528,0.32817753866846,3,0.000244019
37125868,0.000516044121291,0.0070611970410221,3,0.000246921
36784042,0.0004178672355371,0.3285137861466039,3,0.000253943
37092425,0.0010448008858882,0.0060524546065904,3,0.000278496
36701188,6.661549581591466e-05,0.6812373907195696,3,0.000285904
36764355,0.0001274839674332,0.4095494283792871,3,0.000301801
36760766,0.0001681058678017,0.8587760591795561,3,0.000305394
37163325,0.0033877513393349,0.0329522528581035,3,0.000305433
36790880,0.0016659392180857,0.6630800268997983,3,0.000310568
37276024,0.0020675731173683,0.0151311365164761,3,0.000315335
37276035,0.0020675731173683,0.0151311365164761,3,0.000315335
37205413,0.0085879548924914,0.0548083389374579,3,0.000316492
36852651,0.0001018185060195,0.0063887020847343,3,0.000332188
37056082,0.0005905959305529,0.0063887020847343,3,0.000332188
37222821,0.0038361996362085,0.0063887020847343,3,0.000332188
36974469,0.0009588922160829,0.0332885003362474,3,0.000334069
37316800,0.000775331985864,0.0067249495628782,3,0.00039334
37108495,0.000160395006809,0.0151311365164761,3,0.000393675
36749556,0.0001595287420379,0.7649630127774042,3,0.000404398
37375658,1.0874778758450582e-05,0.0063887020847343,3,0.000418761
37368590,1.0874778758450582e-05,0.0063887020847343,3,0.000418761
37323942,0.0,0.0026899798251513,3,0.00047143
36778428,0.0004935260325346,0.3147276395427034,3,0.000480862
36777730,0.0004936126614469,0.3147276395427034,3,0.000480862
36787167,0.0004908204761711,0.3147276395427034,3,0.000483836
37251871,0.0019477602548136,0.0073974445191661,3,0.00050507
37248806,0.0019477602548136,0.0073974445191661,3,0.00050507
37241572,0.0019477602548136,0.0073974445191661,3,0.00050507
36733520,0.0001113438410419,0.8150638870208473,3,0.000518062
37191622,0.0007940582444035,0.0238735709482178,3,0.000529138
37025227,0.0018869239009781,0.00773369199731,3,0.000565821
37025749,0.010211653360481,0.0433759246805648,3,0.000575592
36751977,2.0618899241307856e-05,0.1839273705447209,3,0.000578057
37199737,6.9148314804969205e-06,0.0026899798251513,3,0.000589925
36946174,0.0,0.0026899798251513,3,0.000589925
36771356,0.0005179767507939,0.3954270342972428,3,0.000610332
37044448,0.0012734554482894,0.0285810356422326,3,0.000617734
36814539,0.0033588211333507,0.6183591123066577,3,0.000644175
37308058,6.286586906771701e-06,0.0030262273032952,3,0.000664115
36978299,0.0,0.0030262273032952,3,0.000664115
36978129,0.0002032650160471,0.0030262273032952,3,0.000664115
37172974,0.0,0.0030262273032952,3,0.000664115
37200220,0.0,0.0030262273032952,3,0.000664115
37005812,0.0,0.0030262273032952,3,0.000664115
37336483,0.0,0.0033624747814391,3,0.000675673
37061736,0.0016801563820096,0.0084061869535978,3,0.000690958
37268711,0.0001295921594117,0.0033624747814391,3,0.000738405
36890741,0.0017534101687699,0.3032952252858104,3,0.000743767
36897603,0.0017534101687699,0.3032952252858104,3,0.000767463
36766109,0.0001609842116318,0.8611297915265635,3,0.000770003
37224055,0.0012255284885334,0.0137861466039004,3,0.000804787
37194693,0.0003622767716819,0.003698722259583,3,0.000812796
37373642,0.0005330479929133,0.003698722259583,3,0.000812796
37403564,0.000348052278542,0.0090786819098856,3,0.000820123
37360017,0.0066380060211958,0.0568258238063214,3,0.000823443
37291603,1.7682620314743132e-05,0.0040349697377269,3,0.000887287
37203014,0.0,0.0040349697377269,3,0.000887287
37205308,0.0001668864271868,0.0040349697377269,3,0.000887287
36994785,4.131984208083736e-05,0.0040349697377269,3,0.000887287
37334669,0.0001050949969932,0.0040349697377269,3,0.000887287
37363594,0.0003231030158469,0.0040349697377269,3,0.000887287
36733088,3.553693252997768e-06,0.0040349697377269,3,0.000887287
36977078,0.0002659028943109,0.0047074646940147,3,0.000905926
36708734,4.878766235861212e-05,0.0770006724949562,3,0.000934348
36750866,1.8009997587411884e-05,0.1849361129791526,3,0.000938658
37346156,0.0,0.027236045729657,3,0.000960788
37346592,0.0,0.027236045729657,3,0.000960788
37209444,0.0001524808451879,0.0043712172158708,3,0.00096188
37325176,0.0005731149862166,0.0047074646940147,3,0.00103657
36749324,0.0,0.0047074646940147,3,0.00103657
37375980,0.0016051009188136,0.0050437121721587,3,0.00111137
36771019,0.0004079045566785,0.3735709482178884,3,0.0011391
36769646,0.0004810204232325,0.3829858776059179,3,0.00115285
36708954,9.54621424876328e-05,0.7491593813046402,3,0.00117398
36720730,5.341919540316719e-05,0.7619367854741089,3,0.00119433
36717230,9.051087807201706e-05,0.4919300605245461,3,0.00121603
36787737,0.00135214487078,0.5642232683254875,3,0.00121886
36781823,0.0001355641988834,0.4498991257565568,3,0.00122079
36817592,0.0019364600997745,0.2673167451244115,3,0.00123674
36850918,0.0010854816609893,0.0722932078009414,3,0.00125442
37279688,0.0009581029719504,0.0057162071284465,3,0.00126127
37226245,0.003956039214444,0.0060524546065904,3,0.00133637
36850143,0.0005574096321397,0.0168123739071956,3,0.00135008
37207270,0.0,0.0121049092131809,3,0.00135777
37200700,0.0004785203246764,0.0117686617350369,3,0.00136468
37443013,0.0003138009693319,0.1180228648285137,3,0.00140497
37325465,0.0006661251344285,0.0063887020847343,3,0.00141157
37227926,0.0013388991359339,0.0063887020847343,3,0.00141157
36769275,0.0004875842133927,0.3819771351714862,3,0.00143199
36752122,0.0001183397142868,0.4791526563550773,3,0.00145896
37399319,0.0060961262198633,0.0171486213853396,3,0.00147148
37169955,0.0023218304858167,0.0171486213853396,3,0.00147484
36785770,0.0012570922165766,0.5729657027572294,3,0.00152697
36710472,4.735500469547975e-05,0.5396772024209818,3,0.00154601
36991073,0.000108884029134,0.0070611970410221,3,0.00156229
37363304,0.0003148501957289,0.0070611970410221,3,0.00156229
36958960,0.000108884029134,0.0070611970410221,3,0.00156229
36737540,0.0,0.02320107599193,3,0.00156661
36777769,0.0003698571715408,0.3809683927370544,3,0.00157095
36785100,0.0012758349429375,0.5722932078009415,3,0.00157903
36779024,0.0003651528841435,0.3813046402151984,3,0.00159291
36774213,0.0002222181499831,0.4280430396772024,3,0.00160118
36773121,0.0002196818833993,0.4283792871553463,3,0.00162345
37270353,0.0004380570084216,0.0131136516476126,3,0.0016486
36773639,0.0002174008385548,0.4287155346334902,3,0.00165457
36752850,0.0,0.0601882985877605,3,0.00166229
36713616,4.6799005983798455e-05,0.5416946872898454,3,0.00168368
37335695,0.0046616976737525,0.0275722932078009,3,0.00169587
36772077,0.0007880434195909,0.4586415601882986,3,0.00173153
36749690,0.0003293874912336,0.9048419636852724,3,0.00174289
36715826,4.032920887570912e-05,0.5423671822461331,3,0.0017441
36781925,0.0001942428790672,0.433422999327505,3,0.00175434
37204682,0.0057851730464761,0.0282447881640887,3,0.00181717
36781647,0.0001999509270421,0.4324142568930733,3,0.00193508
36953872,0.000900851031363,0.0289172831203765,3,0.00194048
37297590,0.0008832668557889,0.0087424344317417,3,0.00194088
37195876,0.0003609074275087,0.0090786819098856,3,0.00201691
37201593,0.0003609074275087,0.0090786819098856,3,0.00201691
36771445,0.0004669300813352,0.7135171486213854,3,0.00202566
37220389,0.0039162565331573,0.0151311365164761,3,0.00208451
37349688,0.0,0.0208473436449226,3,0.00215042
37387447,0.0077440506874268,0.0255548083389374,3,0.00215368
37385832,0.0077440506874268,0.0255548083389374,3,0.00215368
37031876,0.0006781136246379,0.0097511768661735,3,0.00216928
37479302,0.0007763756401242,0.4287155346334902,3,0.00217679
36788206,0.0013440827689783,0.5648957632817754,3,0.00244556
36755414,0.0001048285229717,0.3120376597175521,3,0.00249527
36753924,4.311138264261613e-05,0.2962340282447882,3,0.00256184
36755347,4.049228341885743e-05,0.2972427706792199,3,0.0026611
37310746,0.000158922157478,0.0178211163416274,3,0.00268016
36754405,7.317904729967185e-05,0.4092131809011432,3,0.00275127
37383380,0.0047244950420937,0.0339609952925353,3,0.00292011
37097604,0.0004594236671459,0.0131136516476126,3,0.00293745
36779882,0.0004555296120039,0.0305985205110961,3,0.00304898
37278763,0.0011815716666161,0.0137861466039004,3,0.00309236
36753056,7.433226845384168e-05,0.4021519838601211,3,0.00313968
36753106,8.157689824126713e-05,0.4045057162071284,3,0.0032333
37491160,0.0005585650142609,0.7444519166106254,3,0.00325689
37292683,0.0,0.0151311365164761,3,0.00344799
36818214,0.0038797255543128,0.5823806321452589,3,0.00350019
37462063,0.0025709559762977,0.132817753866846,3,0.00358782
36828739,0.0048855212850269,0.5780094149293881,3,0.00360681
37328255,0.0032390781061086,0.0161398789509078,3,0.00363794
36821189,0.0042416657381384,0.5810356422326832,3,0.00365632
37340044,0.0006725245507866,0.0164761264290517,3,0.00371631
36757498,0.0001305158821176,0.3076664425016812,3,0.00373017
37462281,0.0043831596029784,0.3658372562205783,3,0.00374534
37461998,0.0043831596029784,0.3658372562205783,3,0.00374534
37460961,0.0043831596029784,0.3658372562205783,3,0.00374534
37456719,0.0036236807773073,0.3665097511768662,3,0.00381955
37294182,0.0001027737435075,0.0228648285137861,3,0.00383076
36827948,0.0042876777825836,0.5790181573638198,3,0.00387051
36910081,0.0012313510730851,0.3197713517148621,3,0.00401748
37463759,0.0034122061936484,0.3691997310020175,3,0.00411107
36911493,0.0010743196827761,0.3211163416274378,3,0.00419766
37252272,0.0056844789142694,0.1086079354404842,3,0.00420502
36747445,6.014133065215792e-06,0.0511096166778749,3,0.00429141
36896689,0.0010649767708378,0.3715534633490249,3,0.00434094
36891212,0.0010649767708378,0.3715534633490249,3,0.00434094
36874323,0.0009922329577084,0.3722259583053127,3,0.00441968
37451455,0.0005902693334844,0.456960322797579,3,0.0044339
36904100,0.0009408288297147,0.3739071956960322,3,0.00462579
36714238,0.0001126456018285,0.2558843308675185,3,0.00464678
37471155,0.0008913570083531,0.4462004034969737,3,0.00465259
37471156,0.0010892571966148,0.4445191661062542,3,0.0049331
36906926,0.0009349431013203,0.3739071956960322,3,0.00507687
37465825,0.0008555310407305,0.0843981170141223,3,0.00509675
37453122,0.0011412017329019,0.4586415601882986,3,0.00512292
37126859,5.2265122170989066e-05,0.0743106926698049,3,0.00514664
37420397,0.0009297405595939,0.0615332885003362,3,0.00527123
37165808,0.0023125427275177,0.4976462676529926,3,0.00546663
37165813,0.0038170829491896,0.4936112979152656,3,0.00563504
36965435,0.0208811952365538,0.1550100874243443,3,0.00573389
37284614,0.0010080836727076,0.0712844653665097,3,0.00575608
37119742,0.0044918294122187,0.0716207128446536,3,0.00576934
37224739,0.0084389610739226,0.1099529253530598,3,0.00590014
37046613,5.491518446845192e-06,0.0746469401479488,3,0.00664972
37134375,0.0093927108956352,0.0894418291862811,3,0.00673701
37024114,0.0040961347413189,0.109280430396772,3,0.00766704
36911933,0.000698127609592,0.3789509078681909,3,0.00794275
36854771,0.0003765797505123,0.0837256220578345,3,0.00816824
36923632,0.0090450432280556,0.6042367182246133,3,0.00913845
37336669,0.0360321580771898,0.2195696032279757,3,0.0104296
37273107,0.0095946379751253,0.1065904505716207,3,0.0108849
37442425,0.0102303280808416,0.2326832548755884,3,0.0115372
37437578,0.0005620550140733,0.2279757901815736,3,0.011573
37419100,0.0152074696249695,0.2347007397444519,3,0.0121446
36861704,0.0008786838100525,0.4199731002017485,3,0.0126597
37263032,0.0330899089663136,0.3305312710154673,3,0.0134061
37436001,0.0003494779854815,0.2982515131136516,3,0.0141773
37391066,0.028223142979066,0.2642905178211163,3,0.014213
36792608,0.0051772315638234,0.6590450571620713,3,0.0142214
37410335,0.0224496766799011,0.2666442501681237,3,0.0144259
36921783,0.0010574712740814,0.3143913920645595,3,0.0145562
36838114,0.0134462302245956,0.5796906523201076,3,0.0147658
36995193,0.0563399234307848,0.2552118359112306,3,0.0151267
37475538,0.0025440125352588,0.4085406859448554,3,0.0156167
37246511,0.033967201281179,0.3604572965702757,3,0.0160951
37488354,0.0027578140506572,0.4152656355077337,3,0.0161924
37231084,0.0272400031550821,0.3285137861466039,3,0.016196
37487331,0.0022253719831302,0.4159381304640215,3,0.0163828
36964022,0.0471942962939509,0.2626092804303968,3,0.0167788
37258986,0.0325247201998749,0.3328850033624748,3,0.0168556
36851509,0.0136946239893949,0.5722932078009415,3,0.0169719
37338843,0.0313417423976233,0.3658372562205783,3,0.0170349
37244031,0.0297803658213304,0.3678547410894418,3,0.0175158
37248331,0.0263610647937195,0.3369199731002018,3,0.0177438
36868411,0.0135298168733999,0.5944855413584398,3,0.0180392
37474715,0.0036687561608316,0.4398117014122394,3,0.018229
37483253,0.0037523657241349,0.4287155346334902,3,0.0183483
37431612,0.002805229517049,0.3066577000672495,3,0.018655
37118998,0.0388851472210948,0.2787491593813046,3,0.0187655
36908471,0.0145189760966419,0.5911230665770006,3,0.0188623
36860089,0.0156518885922316,0.5928043039677202,3,0.0192654
36862000,0.0153545799135107,0.5928043039677202,3,0.0192661
36856321,0.0157045429294799,0.5928043039677202,3,0.0193179
36863292,0.0154638902300506,0.5931405514458642,3,0.019389
36864132,0.0154638902300506,0.5931405514458642,3,0.019389
37419239,0.0029300971829831,0.3093476798924008,3,0.019422
36865599,0.0144920038789451,0.5938130464021519,3,0.0194271
37307696,0.0252963629156292,0.2868190988567585,3,0.0195362
37002998,0.0338005479565998,0.3180901143241426,3,0.0196497
36858102,0.015518326158671,0.5941492938802959,3,0.0196556
36904159,0.0146459930307698,0.5911230665770006,3,0.0196628
37106906,0.008071646065429,0.406186953597848,3,0.0197775
36900433,0.0007207737721964,0.4085406859448554,3,0.0197871
36874860,0.0154806825593777,0.5951580363147276,3,0.0198709
36839367,0.0170660522303325,0.5951580363147276,3,0.0199781
36874033,0.015195206019714,0.5924680564895763,3,0.020002
36878665,0.0152300624427838,0.5924680564895763,3,0.020002
36891110,0.0153541526038222,0.5924680564895763,3,0.020002
36876908,0.0152008679567945,0.5924680564895763,3,0.0200557
36880513,0.015306689648231,0.5928043039677202,3,0.0201277
36871768,0.015306689648231,0.5928043039677202,3,0.0201277
36880575,0.015306689648231,0.5928043039677202,3,0.0201277
36875877,0.015306689648231,0.5928043039677202,3,0.0201277
36873467,0.015306689648231,0.5928043039677202,3,0.0201277
36869588,0.015306689648231,0.5928043039677202,3,0.0201277
36891532,0.0007290814353741,0.4068594485541358,3,0.0201998
36885620,0.0007289482995457,0.4068594485541358,3,0.0201998
36886744,0.0007289482995457,0.4068594485541358,3,0.0201998
36885872,0.0007289482995457,0.4068594485541358,3,0.0201998
36895615,0.000729078810585,0.4068594485541358,3,0.0202542
37189976,0.0432276553945623,0.2491593813046402,3,0.020279
36896030,0.0007408974395078,0.4065232010759919,3,0.0203265
36896452,0.0007408974395078,0.4065232010759919,3,0.0203265
36896473,0.0007408974395078,0.4065232010759919,3,0.0203265
36897795,0.0007409274367148,0.4065232010759919,3,0.0203265
36898280,0.0007409274367148,0.4065232010759919,3,0.0203265
36850124,0.015795096757955,0.5934767989240081,3,0.0203813
36848970,0.015795096757955,0.5934767989240081,3,0.0203813
36847084,0.015795096757955,0.5934767989240081,3,0.0203813
36882124,0.0007237099557315,0.406186953597848,3,0.020399
37095220,0.0463702670791527,0.2938802958977807,3,0.0205915
37081506,0.0428991110217807,0.2942165433759247,3,0.02063
37338972,0.0276842254883659,0.2925353059852051,3,0.0209003
37160120,0.0395472173076319,0.3264963012777404,3,0.0210496
37111779,0.044045639970347,0.2962340282447882,3,0.0210554
37142982,0.0420130844799771,0.3271687962340282,3,0.0213219
36841519,0.0158875288363549,0.5911230665770006,3,0.0213641
37401007,0.0230890688219518,0.2942165433759247,3,0.0215705
36947308,0.0144681574138723,0.3221250840618695,3,0.0216196
36840163,0.0171070730070618,0.5887693342299932,3,0.0216917
36872476,0.0164185867917569,0.5901143241425689,3,0.0218701
37210779,0.0419496576678542,0.2955615332885003,3,0.0218779
36945441,0.011987241491715,0.3365837256220578,3,0.0258671
36926818,0.0108358810622237,0.3362474781439139,3,0.0258999
36928618,0.0108646279656658,0.3365837256220578,3,0.0259426
36953466,0.0031924140407334,0.6617350369872226,3,0.026309
36942874,0.0130216791225434,0.4122394082044384,3,0.0266044
36974583,0.026799924454022,0.3221250840618695,3,0.0268976
36883145,0.0152582866496736,0.5928043039677202,3,0.0269267
37472968,0.0230181189204375,0.51546738399462,3,0.0330693
37466362,0.0292464696262224,0.5191661062542031,3,0.0333732
37452932,0.0346870888377195,0.523537323470074,3,0.0348773
37149831,0.0486732887757263,0.3251513113651648,3,0.0349442
37168990,0.0481039501321182,0.3258238063214526,3,0.0353285
37449910,0.0342974894275557,0.527236045729657,3,0.0361804
37454355,0.0367637113387613,0.5242098184263618,3,0.0374466
36921869,0.0290336157771967,0.5736381977135171,3,0.0407334
36913393,0.0279636703927448,0.5679219905850706,3,0.040977
36921248,0.0297231426108157,0.5759919300605245,3,0.0414663
36917282,0.0298072889115754,0.5766644250168124,3,0.0416449
36911552,0.0289612390513248,0.5773369199731002,3,0.0421648
36914289,0.0291353304083882,0.5780094149293881,3,0.0423451
37489487,0.0721384218357506,0.9226630800268998,3,0.042418
37480319,0.0812204945263776,0.9263618022864828,3,0.0468754
37477707,0.0812204945263776,0.9263618022864828,3,0.0468754
37476574,0.0812204945263776,0.9263618022864828,3,0.0468754
37474693,0.0873189875930994,0.9260255548083388,3,0.0490302
36820797,0.0605295539493692,0.8402824478816409,3,0.05257
36819990,0.0607768752659372,0.8406186953597848,3,0.0528272
36819715,0.0607768752659372,0.8406186953597848,3,0.0528272
37266294,0.1234732051460679,0.5568258238063215,3,0.0547578
37411621,0.1132421264380743,0.5571620712844654,3,0.0559935
37372948,0.1066922475399254,0.5615332885003362,3,0.0584068
36939920,0.0905266931882126,0.613315400134499,3,0.065533
36937156,0.0924440298624848,0.6072629455279085,3,0.0657466
36937551,0.0924040534474499,0.6075991930060525,3,0.0658579
36935969,0.0924040534474499,0.6075991930060525,3,0.0658579
36810409,0.0635590267405448,0.8655010087424344,3,0.0660918
36924576,0.0924718846210723,0.6109616677874916,3,0.0664741
36935435,0.0889449476721322,0.609280430396772,3,0.0665311
36939872,0.0943585868041701,0.6123066577000672,3,0.0665605
36944388,0.0972768954738682,0.6126429051782112,3,0.0670415
37474425,0.0894465770928397,0.7992602555480834,3,0.0670903
36945592,0.097456147631382,0.612979152656355,3,0.0671555
36812703,0.06039500303305,0.8661735036987223,3,0.0671621
36943741,0.0946117010557607,0.6136516476126429,3,0.0673839
36958091,0.1065165267117294,0.6123066577000672,3,0.0677993
36814122,0.0638521584570669,0.867518493611298,3,0.0689457
36993455,0.1565260700387361,0.5843981170141224,3,0.0785603
37190967,0.1746804082719003,0.5827168796234028,3,0.0825909
37054533,0.1450405437773806,0.6234028244788165,3,0.0905092
37475971,0.1222235464201797,0.8722259583053127,3,0.10634
37485468,0.1248253567069243,0.9105581708137188,3,0.107964
37486187,0.1248253567069243,0.9105581708137188,3,0.107964
37486197,0.1248253567069243,0.9105581708137188,3,0.107964
37488145,0.1248253567069243,0.9105581708137188,3,0.107964
37489247,0.1248253567069243,0.9105581708137188,3,0.107964
36801393,0.1451890167499517,0.9260255548083388,3,0.116406
36809393,0.1441784574375384,0.9263618022864828,3,0.118426
36806792,0.1441784574375384,0.9263618022864828,3,0.118426
36808926,0.1441784574375384,0.9263618022864828,3,0.118426
36799140,0.1441784574375384,0.9263618022864828,3,0.118426
36800266,0.1441784574375384,0.9263618022864828,3,0.118426
36805295,0.1441784574375384,0.9263618022864828,3,0.118426
36798724,0.1447838907566127,0.9266980497646268,3,0.119275
36807886,0.1441491289728342,0.9266980497646268,3,0.119275
36803390,0.1441491289728342,0.9266980497646268,3,0.119275
36795910,0.1675065479493471,0.937794216543376,3,0.123725
37242936,0.611797666237121,0.9226630800268998,3,0.463931
37271597,0.5948908774940276,0.9240080699394756,3,0.46539
37368116,0.5913845573171208,0.9236718224613316,3,0.468082
37292644,0.5949568876774569,0.9233355749831876,3,0.468586
37311751,0.5932946862486234,0.9233355749831876,3,0.468586
37330726,0.5933178923692543,0.9236718224613316,3,0.470943
37236867,0.6100073371640543,0.9240080699394756,3,0.473318
37157962,0.6695209366927004,0.9098856758574312,3,0.552305
37143652,0.6704659607823634,0.9098856758574312,3,0.552305
37182244,0.6715615199965248,0.9098856758574312,3,0.552305
37100486,0.6712956810897217,0.9098856758574312,3,0.552305
37109497,0.6725179800784915,0.9098856758574312,3,0.552305
37124051,0.6704659607823634,0.9098856758574312,3,0.552305
37216572,0.6651539540184412,0.9095494283792872,3,0.557992
37010176,0.6392583024546408,0.9384667114996638,3,0.698748
36986442,0.6539244651715392,0.9364492266308004,3,0.716661
36988684,0.6539244651715392,0.9364492266308004,3,0.716661
36971740,0.6301574323656751,0.937121721587088,3,0.719562
36986575,0.6620512270196373,0.9361129791526565,3,0.723162
37053579,0.7045376610432754,0.9361129791526565,3,0.723162
37034493,0.7012500389166102,0.9361129791526565,3,0.723162
36978459,0.6618735024244534,0.9364492266308004,3,0.724581
37059588,0.7421930326223392,0.933422999327505,3,0.757012
37057876,0.747160514120695,0.9344317417619368,3,0.766556
36926856,0.6128163855676974,0.9445191661062542,3,0.794019
37228850,0.7653370055763482,0.9465366509751176,3,0.927023
37102388,0.7765982452461911,0.9462004034969738,3,0.933234
37225187,0.7753374953235755,0.9465366509751176,3,0.940243
37227548,0.785949525206117,0.9462004034969738,3,0.947231
37227005,0.785949525206117,0.9462004034969738,3,0.947231
37074895,0.7855983491792733,0.9495628782784128,3,0.972013
37126823,0.768741679847189,0.9495628782784128,3,0.972013
37064624,0.7805092989787678,0.9495628782784128,3,0.972013
37065979,0.7978218103320471,0.9482178883658372,3,0.972321
37121267,0.7917301416666005,0.949226630800269,3,0.979007
37081759,0.7874981245912539,0.949226630800269,3,0.979007
37064522,0.8041675465393887,0.948890383322125,3,0.986011
37134554,0.8003185942771924,0.948890383322125,3,0.986011
37065531,0.8041675465393887,0.948890383322125,3,0.986011
37133659,0.8003185942771924,0.948890383322125,3,0.986011
37129259,0.8003185942771924,0.948890383322125,3,0.986011
37129226,0.8003185942771924,0.948890383322125,3,0.986011
37117307,0.8039850639120333,0.948890383322125,3,0.986011
37107467,0.8039850639120333,0.948890383322125,3,0.986011
37105867,0.8039850639120333,0.948890383322125,3,0.986011
37104700,0.8041675465393887,0.948890383322125,3,0.986011
37103044,0.8041675465393887,0.948890383322125,3,0.986011
37134469,0.8003185942771924,0.948890383322125,3,0.986011
37089913,0.8041675465393887,0.948890383322125,3,0.986011
37100241,0.8041675465393887,0.948890383322125,3,0.986011
37067405,0.8041675465393887,0.948890383322125,3,0.986011
37068142,0.8041675465393887,0.948890383322125,3,0.986011
37060028,0.8041675465393887,0.948890383322125,3,0.986011
37076250,0.8041675465393887,0.948890383322125,3,0.986011
37080122,0.8041675465393887,0.948890383322125,3,0.986011
37081608,0.8041675465393887,0.948890383322125,3,0.986011
37083129,0.8041675465393887,0.948890383322125,3,0.986011
37084208,0.8041675465393887,0.948890383322125,3,0.986011
37079601,0.8041675465393887,0.948890383322125,3,0.986011
37180869,0.7871264560238844,0.949226630800269,3,0.992986
37219905,0.7711677079996299,0.949226630800269,3,0.992986
37220206,0.7711677079996299,0.949226630800269,3,0.992986
37220795,0.7711677079996299,0.949226630800269,3,0.992986
37186242,0.7871264560238844,0.949226630800269,3,0.992986
37184525,0.7871264560238844,0.949226630800269,3,0.992986
37184346,0.7871264560238844,0.949226630800269,3,0.992986
37173194,0.7868043523419659,0.949226630800269,3,0.992986
37177097,0.7871264560238844,0.949226630800269,3,0.992986
37164225,0.7890759588349664,0.949226630800269,3,0.992986
37163524,0.7890759588349664,0.949226630800269,3,0.992986
37140707,0.7899354154063086,0.949226630800269,3,0.992986
37140504,0.7899354154063086,0.949226630800269,3,0.992986
37139524,0.7899354154063086,0.949226630800269,3,0.992986
37179018,0.7871264560238844,0.949226630800269,3,0.992986
37193098,0.7891480865913112,0.948890383322125,3,1.0
37193879,0.7891480865913112,0.948890383322125,3,1.0
37215751,0.779411200768539,0.948890383322125,3,1.0
37217653,0.779411200768539,0.948890383322125,3,1.0
37217344,0.779411200768539,0.948890383322125,3,1.0
37216352,0.779411200768539,0.948890383322125,3,1.0
