POS,iSAFE,DAF,chr,r2_rs799912
43192020,0.0055051056595869,0.4623402824478816,17,7.03019e-08
43444298,0.0016876848147851,0.7605917955615333,17,4.9581e-06
42999173,0.0172208241763105,0.8567585743106927,17,1.59482e-05
42934036,0.0,0.0010087424344317,17,2.02592e-05
43444845,0.0016976770663737,0.7599193006052455,17,2.77189e-05
42997008,0.0,0.0016812373907195,17,3.05248e-05
43447423,0.0016840878355757,0.7602555480833894,17,4.23205e-05
42954487,0.0152350183522043,0.855413584398117,17,9.2941e-05
42922144,0.0,0.0016812373907195,17,0.000131894
42925448,0.0,0.0006724949562878,17,0.000202709
43481124,5.88707733937646e-07,0.0043712172158708,17,0.000233456
42946378,0.0172566273872719,0.85137861466039,17,0.000245492
42982317,0.0183285374217546,0.8527236045729657,17,0.000246755
42985484,0.0185370331342682,0.8527236045729657,17,0.000246755
42988250,0.0190253735341701,0.8480161398789509,17,0.000259583
42944839,0.015230453136875,0.8523873570948218,17,0.000261595
42969246,0.0176472253824555,0.8523873570948218,17,0.000262974
42976353,0.018123439226443,0.8523873570948218,17,0.000262974
42969684,0.0176472253824555,0.8523873570948218,17,0.000262974
43009897,0.000222706512488,0.0023537323470073,17,0.000271423
42954068,0.0174135690680468,0.8520511096166778,17,0.000278226
42952095,0.01758505459003,0.8533960995292535,17,0.000424488
43425435,0.0001148145415988,0.3597848016139879,17,0.000459974
43423927,0.0023554850598588,0.6385339609952926,17,0.000505933
43004493,0.0205260475805276,0.8503698722259583,17,0.000629178
42967701,5.196601228311773e-06,0.0094149293880295,17,0.000672981
43433482,0.0023973408696785,0.636852723604573,17,0.000685265
43435796,0.0023973408696785,0.636852723604573,17,0.000685265
43002800,0.0205463830855104,0.8507061197041023,17,0.000707321
43002583,0.0205463830855104,0.8507061197041023,17,0.000707321
43006365,0.0205463830855104,0.8507061197041023,17,0.000707321
43431206,0.0023648599316167,0.6371889710827169,17,0.000709531
43010990,0.0031231174480539,0.0043712172158708,17,0.00073064
43009066,0.0219165947599175,0.8503698722259583,17,0.000734282
43005088,0.0221501567520023,0.8500336247478144,17,0.000757736
42982803,0.0,0.0016812373907195,17,0.000811907
43002200,0.021212495722958,0.8503698722259583,17,0.000839246
42968503,0.0,0.0040349697377269,17,0.00096352
42942444,0.0162686025404716,0.8496973772696704,17,0.00113399
43012172,0.0013709980120793,0.0053799596503026,17,0.00128819
42934716,0.0,0.0010087424344317,17,0.00155138
43411283,0.0001288218176369,0.3597848016139879,17,0.00163105
43401087,0.0023840402661389,0.6415601882985877,17,0.00178643
43402043,0.0024066779612653,0.640551445864156,17,0.00181028
43411350,0.002413380615138,0.6398789509078682,17,0.00185552
43453308,0.0005252356086223,0.2138533960995292,17,0.00193896
43414404,0.0025371002440848,0.6381977135171486,17,0.00194289
43412793,0.0025371002440848,0.6381977135171486,17,0.00194289
43411424,0.0025371002440848,0.6381977135171486,17,0.00194289
43414537,0.0025371002440848,0.6381977135171486,17,0.00194289
43412478,0.0025371002440848,0.6381977135171486,17,0.00194289
43411460,0.0025371002440848,0.6381977135171486,17,0.00194289
43409475,0.0001394326555803,0.3591123066577,17,0.00196578
43420819,0.0001247118179921,0.3614660390047075,17,0.00197615
43414042,0.0025082885607003,0.6385339609952926,17,0.00197615
43413203,0.0001244234762172,0.3614660390047075,17,0.00198212
43412425,0.0025068124735949,0.6385339609952926,17,0.00198212
43413313,0.0001244234762172,0.3614660390047075,17,0.00198212
43412370,0.0001244234762172,0.3614660390047075,17,0.00198212
43411951,0.0025068124735949,0.6385339609952926,17,0.00198212
43414182,0.0001244234762172,0.3614660390047075,17,0.00198212
43411128,0.0025068124735949,0.6385339609952926,17,0.00198212
43405094,0.002360163199576,0.6412239408204439,17,0.00200967
43409504,0.0001301056517229,0.3611297915265635,17,0.00201574
43417940,0.0025374954331521,0.6378614660390047,17,0.00203483
43382762,0.0001414050404052,0.0023537323470073,17,0.00204716
42992325,8.358877295234043e-05,0.0023537323470073,17,0.00204716
43418055,0.0001191518257982,0.3618022864828514,17,0.00207502
43418835,0.0001191518257982,0.3618022864828514,17,0.00207502
42987573,0.0008238768326687,0.0030262273032952,17,0.00210658
43445392,0.0002398864051148,0.5087424344317417,17,0.00213731
43407654,0.0024409735192697,0.6392064559515803,17,0.00219196
43214970,0.0061499801406523,0.0060524546065904,17,0.00221581
43409280,0.0024060392836213,0.6395427034297243,17,0.00222727
43214969,0.0061499801406523,0.0060524546065904,17,0.0022276
43415814,0.0001554425102693,0.3520511096166778,17,0.00235572
43206642,0.0042161857914247,0.0040349697377269,17,0.00281449
43489583,0.0,0.0040349697377269,17,0.00324946
42990573,0.0,0.0013449899125756,17,0.00338375
43400342,0.0020142454110868,0.6573638197713517,17,0.00339132
42997778,0.0028862979957818,0.003698722259583,17,0.00341485
42986638,0.0,0.0023537323470073,17,0.00355584
43013593,9.224783482223116e-05,0.0033624747814391,17,0.00385645
43002337,0.0,0.0016812373907195,17,0.00390786
43479956,2.548279211753385e-05,0.2410894418291863,17,0.0040021
42990417,0.0008389795524385,0.0053799596503026,17,0.00416328
43209450,0.0008082661821118,0.0060524546065904,17,0.00423898
43312092,0.0047169498789643,0.0063887020847343,17,0.00487717
43323980,0.0047169498789643,0.0063887020847343,17,0.00487717
43109217,0.0059193980664014,0.0070611970410221,17,0.0049556
42901906,9.83306090585014e-05,0.0141223940820443,17,0.00519628
43002228,0.0,0.0161398789509078,17,0.00547532
43453655,0.0005385785146995,0.230329522528581,17,0.00570204
43457729,0.0005957748479649,0.2239408204438466,17,0.00608306
43455056,0.0005672510551008,0.226294552790854,17,0.00622742
43453426,0.0005362998409245,0.2286482851378614,17,0.00639728
43456911,0.0005891180711675,0.2246133154001345,17,0.00643733
43398087,0.0018269144389798,0.4498991257565568,17,0.00703775
43397892,0.0018575106933697,0.4495628782784129,17,0.0071229
43397015,0.0018575106933697,0.4495628782784129,17,0.0071229
43397711,0.0018575106933697,0.4495628782784129,17,0.0071229
43026512,0.0016481046487384,0.019166106254203,17,0.00724518
43398575,0.0018475289265119,0.4498991257565568,17,0.00730414
42948305,0.0,0.0198386012104909,17,0.0074133
43103987,0.0078608728944285,0.0137861466039004,17,0.00788936
42932992,0.0002267609260975,0.0040349697377269,17,0.00810374
43479004,0.0001754809999381,0.1392064559515803,17,0.00836027
43399475,0.0018669607160683,0.4465366509751177,17,0.00836744
43485783,0.0020143110137753,0.6940147948890383,17,0.00854939
42936706,2.2303565642154555e-05,0.0447209145931405,17,0.00860566
43462330,0.0017690226746294,0.7010759919300605,17,0.00876121
43485105,0.0020038787908909,0.6963685272360457,17,0.008883
43463276,0.0022374419608964,0.6926698049764627,17,0.00891395
43463130,0.0022374419608964,0.6926698049764627,17,0.00891395
43461078,0.0022374419608964,0.6926698049764627,17,0.00891395
43468479,0.0022058929100646,0.6963685272360457,17,0.00894081
43473223,0.0021898002175565,0.6967047747141897,17,0.00901458
43486925,0.0019958764258759,0.6967047747141897,17,0.00927752
43157437,0.0002601791527603,0.0060524546065904,17,0.00940335
43000777,0.0002186744277568,0.0124411566913248,17,0.0141077
43436636,0.0013389107159269,0.3981170141223941,17,0.0168022
43432751,0.0012265117265108,0.3991257565568258,17,0.0174197
43433925,0.0013360214138051,0.4024882313382649,17,0.0181255
43227389,0.0087541748598152,0.0282447881640887,17,0.019023
43227392,0.0087541748598152,0.0282447881640887,17,0.019023
42904228,0.0063610081956678,0.8389374579690653,17,0.0196589
43422292,0.0024690653211682,0.0366509751176866,17,0.0203372
43468755,0.0003369429578149,0.2313382649630127,17,0.0224669
43384297,0.0024862880983031,0.0342972427706792,17,0.022576
43463160,0.0003344398661207,0.2316745124411567,17,0.0227411
43466564,0.000318795127323,0.2320107599193006,17,0.0230161
42946361,0.0038185397138037,0.0413584398117014,17,0.0250191
43462190,0.0003356376261233,0.2373907195696032,17,0.0255286
43445612,0.0013280679202852,0.636516476126429,17,0.0270773
43443942,0.0008291274852493,0.0554808338937458,17,0.0287237
43006863,0.0001212330547059,0.0201748486886348,17,0.0287718
43393315,0.0010123128123784,0.4324142568930733,17,0.0299486
43437174,0.0056716379212489,0.7585743106926698,17,0.0306403
43405185,0.0013642855423476,0.4182918628110289,17,0.0310983
43478412,0.0011163781248532,0.4371217215870881,17,0.0316026
43038881,0.0103428582417363,0.0632145258910558,17,0.0322967
43477667,0.0,0.1563550773369199,17,0.0334242
43486629,0.0011063519691844,0.4330867518493611,17,0.0335924
43021834,0.0061086473296258,0.0642232683254875,17,0.0341618
43446370,0.0008538257781673,0.4670477471418964,17,0.0377833
43038354,0.0231148514493389,0.0756556825823806,17,0.0406452
42927572,0.0028479439665715,0.5379959650302623,17,0.0408114
43454363,0.0003163763745884,0.124747814391392,17,0.0500067
43457179,0.0003115331943618,0.1250840618695359,17,0.0507653
43455779,0.000304649018253,0.1254203093476799,17,0.0509366
42924185,0.0035287728873399,0.5894418291862811,17,0.052082
43453535,0.000323292547594,0.1223940820443846,17,0.0528302
43003503,0.0002049306200526,0.0386684599865501,17,0.0534544
42923524,0.003516017209918,0.5904505716207128,17,0.0535379
42913521,0.0033372975997697,0.5689307330195024,17,0.0538028
42918268,0.0032330791134049,0.5904505716207128,17,0.0540485
43446300,0.0002667910224433,0.1260928043039677,17,0.0541058
42922470,0.0036341718892063,0.5891055817081372,17,0.0541315
42920558,0.0030036920432677,0.5938130464021519,17,0.0542574
42920747,0.0030036920432677,0.5938130464021519,17,0.0542574
43394500,0.0008837371940355,0.2410894418291863,17,0.0546534
42919379,0.0030781318402151,0.5924680564895763,17,0.0548492
43392698,0.0008730740332076,0.2414256893073302,17,0.0556211
42917240,0.0036714483847901,0.5843981170141224,17,0.0565763
43451520,0.0002961228052348,0.1250840618695359,17,0.057148
43448356,0.0002961228052348,0.1250840618695359,17,0.057148
43445711,0.0002961228052348,0.1250840618695359,17,0.057148
43447595,0.0002961228052348,0.1250840618695359,17,0.057148
43446663,0.0002961228052348,0.1250840618695359,17,0.057148
43446017,0.0002879197667732,0.1254203093476799,17,0.0573254
43390629,0.0008708213648639,0.2400806993947545,17,0.0573559
43202976,0.0370957524232771,0.0793544048419636,17,0.0581665
42912720,0.0038453092801546,0.5655682582380632,17,0.0583799
43324948,0.0243063392137871,0.0806993947545393,17,0.0586065
43391878,0.0009027720926369,0.2273032952252858,17,0.0598047
42925029,0.0031900595479057,0.5840618695359785,17,0.0606287
43399253,0.0009968142370837,0.1926698049764627,17,0.0677038
43015940,0.1044285632887617,0.9253530598520512,17,0.0687295
43212190,0.0444145938306819,0.0928043039677202,17,0.0703894
43072014,0.0470142153572275,0.0988567585743107,17,0.0707762
43384861,0.0006888927557814,0.218560860793544,17,0.0809802
43385231,0.0007818033746544,0.2141896435776731,17,0.0827844
42930147,0.0209739636167518,0.887020847343645,17,0.0835323
43390087,0.0007571929213059,0.1977135171486214,17,0.0866592
43386453,0.0008838692483193,0.1977135171486214,17,0.0895838
43019464,0.12595877440467,0.917955615332885,17,0.0928782
42955436,0.0099117307596809,0.3080026899798251,17,0.0974283
42936275,0.0151625426082188,0.2296570275722932,17,0.107227
43387072,0.0009587409234081,0.1708137188971082,17,0.117563
43048518,0.0695322813084229,0.1761936785474109,17,0.124119
43223216,0.01280268281487,0.2834566240753194,17,0.192191
43090832,0.1510563894961604,0.2663080026899798,17,0.205641
42934188,0.0004126506369404,0.1886348352387357,17,0.291979
43002248,0.0005669743288067,0.1946872898453261,17,0.296509
43383071,0.1127556137596952,0.3644922663080027,17,0.300368
42977691,0.1272515695268243,0.5554808338937458,17,0.403933
42977681,0.1276223764864921,0.5561533288500337,17,0.404997
42959013,0.1287309551361924,0.5605245460659045,17,0.406233
42958613,0.1287442316634014,0.5598520511096167,17,0.410665
42998932,0.1420248031469519,0.5591795561533288,17,0.41518
43330898,0.3012629919059417,0.7932078009414929,17,0.430503
43380652,0.2126784237155454,0.7037659717552118,17,0.565497
43379045,0.226588710297698,0.714862138533961,17,0.613214
43377567,0.2269717351227496,0.7155346334902488,17,0.613652
43370860,0.2389098081622,0.7178883658372562,17,0.629371
43372023,0.2389098081622,0.7178883658372562,17,0.631951
43021069,0.2195339412107154,0.722932078009415,17,0.637704
43365594,0.2569461335608415,0.7182246133154001,17,0.665618
43322127,0.0003860403026855,0.316408876933423,17,0.752204
43083782,0.3576952146683767,0.5706119704102219,17,0.770018
43363264,0.2427447740576585,0.6950235373234701,17,0.773026
43363265,0.2427447740576585,0.6950235373234701,17,0.773026
43361306,0.2716828111985086,0.6963685272360457,17,0.777871
43363075,0.2458594294527732,0.6940147948890383,17,0.778235
43361216,0.2749036772028931,0.6960322797579018,17,0.787457
43361194,0.2768053778514276,0.6956960322797578,17,0.788797
43322128,2.0325029823084373e-05,0.3204438466711499,17,0.798385
43309699,0.3749102936684173,0.6045729657027572,17,0.877868
43310262,0.3829743487424378,0.605245460659045,17,0.887611
43355452,0.3854903131554804,0.6062542030934768,17,0.888275
43359227,0.3885363874120008,0.6059179556153329,17,0.889686
43218318,0.3851415501891685,0.6062542030934768,17,0.890733
43368094,0.34029443982856,0.6439139206455952,17,0.921394
43029881,0.3321172649264471,0.6321452589105582,17,0.930468
43310090,0.3517339998967919,0.6344989912575656,17,0.946741
43371926,0.3632223568538936,0.6297915265635508,17,0.948903
43308133,0.348744373027918,0.6358439811701412,17,0.95514
43021209,0.3499715169372563,0.6331540013449899,17,0.96559
43368091,0.3723165435209336,0.6331540013449899,17,0.968347
43368092,0.3723165435209336,0.6331540013449899,17,0.968399
43368042,0.3740248432856718,0.632817753866846,17,0.96985
43365646,0.3813484205680283,0.6301277740416947,17,0.97006
43159452,0.3866254351532706,0.6331540013449899,17,0.974478
43365383,0.3822441534215574,0.6314727639542703,17,0.97566
43367777,0.3822441534215574,0.6314727639542703,17,0.97566
43192295,0.3871537565221358,0.6308002689979825,17,0.978541
43309681,0.3795208841299032,0.6314727639542703,17,0.978622
43164730,0.3938659172026766,0.6361802286482852,17,0.978659
43024671,0.3715847519077001,0.6284465366509752,17,0.980165
43024814,0.3715847519077001,0.6284465366509752,17,0.980165
43028755,0.3728852436531236,0.6281102891728312,17,0.981601
43029280,0.3728852436531236,0.6281102891728312,17,0.981601
43315919,0.3840974902815813,0.6318090114324143,17,0.982791
43325506,0.3898042901953861,0.6311365164761265,17,0.982818
43337655,0.389632089664929,0.6311365164761265,17,0.982818
43357622,0.3883775970738033,0.6311365164761265,17,0.982822
43308624,0.3863647895524522,0.6311365164761265,17,0.982848
43339745,0.3930500516905583,0.6304640215198386,17,0.982852
43306756,0.3851868982899691,0.6304640215198386,17,0.982852
43316714,0.3902677922854862,0.6304640215198386,17,0.982885
43334882,0.3929514236275669,0.6304640215198386,17,0.982885
43036325,0.374175701690834,0.6284465366509752,17,0.982974
43344508,0.3927801876479547,0.6308002689979825,17,0.984161
43129663,0.3947615257446778,0.6308002689979825,17,0.984224
43022008,0.361772738779909,0.6321452589105582,17,0.984251
43112732,0.3753769791397409,0.6361802286482852,17,0.984258
43112736,0.3753769791397409,0.6361802286482852,17,0.984258
43360184,0.3927801876479547,0.6308002689979825,17,0.984275
43360179,0.3927801876479547,0.6308002689979825,17,0.984275
43360030,0.3927801876479547,0.6308002689979825,17,0.984275
43359072,0.3927801876479547,0.6308002689979825,17,0.984275
43358297,0.3927801876479547,0.6308002689979825,17,0.984275
43358069,0.3927801876479547,0.6308002689979825,17,0.984275
43345617,0.3927801876479547,0.6308002689979825,17,0.984275
43338690,0.3927801876479547,0.6308002689979825,17,0.984275
43350693,0.3927801876479547,0.6308002689979825,17,0.984275
43312038,0.3886253520206693,0.6308002689979825,17,0.984275
43324202,0.3927801876479547,0.6308002689979825,17,0.984275
43324365,0.3927801876479547,0.6308002689979825,17,0.984275
43324652,0.3927801876479547,0.6308002689979825,17,0.984275
43326343,0.3927801876479547,0.6308002689979825,17,0.984275
43328049,0.3927801876479547,0.6308002689979825,17,0.984275
43352811,0.3927801876479547,0.6308002689979825,17,0.984275
43331490,0.3927801876479547,0.6308002689979825,17,0.984275
43332285,0.3927801876479547,0.6308002689979825,17,0.984275
43336657,0.3927801876479547,0.6308002689979825,17,0.984275
43333092,0.3927801876479547,0.6308002689979825,17,0.984275
43337311,0.3927801876479547,0.6308002689979825,17,0.984275
43338154,0.3927801876479547,0.6308002689979825,17,0.984275
43340966,0.3927801876479547,0.6308002689979825,17,0.984275
43348371,0.3927801876479547,0.6308002689979825,17,0.984275
43348533,0.3927801876479547,0.6308002689979825,17,0.984275
43348789,0.3927801876479547,0.6308002689979825,17,0.984275
43350035,0.3927801876479547,0.6308002689979825,17,0.984275
43336956,0.3927801876479547,0.6308002689979825,17,0.984275
43187680,0.395048992837987,0.6308002689979825,17,0.984343
43227065,0.3801490786870259,0.6311365164761265,17,0.985674
43087611,0.3712561188553157,0.6351714862138534,17,0.985741
43156257,0.3958443329265935,0.6334902488231339,17,0.987042
43067787,0.3738350143010865,0.6334902488231339,17,0.987054
43116189,0.3843687583616105,0.6348352387357095,17,0.987081
43112722,0.3790471541373503,0.6355077336919973,17,0.987104
43121078,0.3824459424031626,0.6348352387357095,17,0.987144
43181769,0.3922465569381363,0.6331540013449899,17,0.988483
43067763,0.3748599854706542,0.6331540013449899,17,0.988483
43169370,0.3917436554894729,0.6338264963012777,17,0.988499
43182908,0.3917068741460368,0.6334902488231339,17,0.989938
43166783,0.4032183974455725,0.6314727639542703,17,0.989946
43195799,0.3902644703348352,0.6331540013449899,17,0.991358
43224081,0.3763176445631196,0.6331540013449899,17,0.991358
43205628,0.3893497405011539,0.6331540013449899,17,0.991378
43165879,0.4029571937983104,0.6318090114324143,17,0.991379
43068206,0.3772933989101872,0.632481506388702,17,0.991383
43125170,0.3937719385084268,0.6331540013449899,17,0.991395
43098906,0.3811063766699389,0.6338264963012777,17,0.991396
43147390,0.3988105688435701,0.632817753866846,17,0.992793
43222443,0.3883253952272909,0.632817753866846,17,0.992799
43219938,0.3886764988367788,0.632817753866846,17,0.992799
43225162,0.3788041382346028,0.632817753866846,17,0.992799
43190296,0.3963033292903385,0.6321452589105582,17,0.992803
43189967,0.3963033292903385,0.6321452589105582,17,0.992803
43204542,0.3908202432324783,0.632817753866846,17,0.992808
43165415,0.4010206024991607,0.632817753866846,17,0.992808
43155456,0.4025392826140704,0.6321452589105582,17,0.992814
43160842,0.4025392826140704,0.6321452589105582,17,0.992814
43108791,0.3869501289041995,0.6341627437794216,17,0.992843
43107032,0.3932280855132518,0.6321452589105582,17,0.992849
43147572,0.4000694966143817,0.632481506388702,17,0.994235
43147590,0.4000694966143817,0.632481506388702,17,0.994235
43173473,0.4034343397184551,0.632481506388702,17,0.994241
43174491,0.4034343397184551,0.632481506388702,17,0.994241
43201902,0.3925526589496546,0.632481506388702,17,0.994241
43176078,0.4034343397184551,0.632481506388702,17,0.994241
43176993,0.4034343397184551,0.632481506388702,17,0.994241
43179443,0.401165980534014,0.632481506388702,17,0.994241
43180313,0.401165980534014,0.632481506388702,17,0.994241
43183455,0.4004437839447878,0.632481506388702,17,0.994241
43185455,0.4004437839447878,0.632481506388702,17,0.994241
43197319,0.3945073689244098,0.632481506388702,17,0.994241
43175631,0.4034343397184551,0.632481506388702,17,0.994241
43188672,0.3967007896546675,0.632481506388702,17,0.994241
43185883,0.4004437839447878,0.632481506388702,17,0.994241
43134805,0.3985934675008188,0.6331540013449899,17,0.99425
43153866,0.4059330673355075,0.6318090114324143,17,0.99425
43152446,0.4059330673355075,0.6318090114324143,17,0.99425
43153380,0.4059330673355075,0.6318090114324143,17,0.99425
43064916,0.3785672379445024,0.6331540013449899,17,0.994262
43147911,0.4028415600194105,0.6321452589105582,17,0.995679
43148782,0.4015542521029763,0.632817753866846,17,0.995682
43144180,0.4009899399026825,0.632817753866846,17,0.995682
43137747,0.399967377576328,0.632817753866846,17,0.995682
43136826,0.399967377576328,0.632817753866846,17,0.995682
43135863,0.399967377576328,0.632817753866846,17,0.995682
43135128,0.399967377576328,0.632817753866846,17,0.995682
43057561,0.3801757773952604,0.632817753866846,17,0.995682
43128665,0.3988421746828209,0.632817753866846,17,0.995682
43145975,0.4009899399026825,0.632817753866846,17,0.995682
43126899,0.3946892884471763,0.6334902488231339,17,0.995686
43070445,0.3842420991526553,0.6314727639542703,17,0.99569
43061643,0.3788350482311938,0.6334902488231339,17,0.995694
43127865,0.4012283399501167,0.632481506388702,17,0.997119
43092919,0.3879205788436035,0.632481506388702,17,0.997119
43099629,0.3921916242346664,0.632481506388702,17,0.997119
43131360,0.3996574818388804,0.6331540013449899,17,0.997121
43063808,0.3848633876602761,0.6318090114324143,17,0.997121
43087474,0.387817901456593,0.632481506388702,17,0.997125
43126099,0.4002691320368491,0.632817753866846,17,0.998559
43126360,0.4002691320368491,0.632817753866846,17,0.998559
43091173,0.3903887710009722,0.6321452589105582,17,0.998559
43091983,0.3899803404242321,0.6321452589105582,17,0.998559
43097077,0.3922945189014283,0.6321452589105582,17,0.998559
43122761,0.3995680087365297,0.632817753866846,17,0.998559
43121331,0.3995680087365297,0.632817753866846,17,0.998559
43127281,0.4002691320368491,0.632817753866846,17,0.998559
43123628,0.4002691320368491,0.632817753866846,17,0.998559
43124331,0.4002691320368491,0.632817753866846,17,0.998559
43127753,0.4002691320368491,0.632817753866846,17,0.998559
43127544,0.4002691320368491,0.632817753866846,17,0.998559
43050671,0.3778094159959914,0.632817753866846,17,0.99856
43051574,0.3762656977336517,0.632817753866846,17,0.99856
43074584,0.3859390165900314,0.632817753866846,17,0.99856
43074658,0.3859390165900314,0.632817753866846,17,0.99856
43046604,0.3771539265820066,0.632817753866846,17,0.99856
43079499,0.3859390165900314,0.632817753866846,17,0.99856
43085936,0.3880615730086232,0.632817753866846,17,0.99856
43111549,0.397112311720741,0.632817753866846,17,0.99856
43047896,0.3782694593231028,0.632481506388702,17,1.0
43041893,0.3782694593231028,0.632481506388702,17,1.0
43051308,0.3782694593231028,0.632481506388702,17,1.0
43043008,0.3782694593231028,0.632481506388702,17,1.0
43053755,0.3810618281045522,0.632481506388702,17,1.0
43043694,0.3782694593231028,0.632481506388702,17,1.0
43042868,0.3782694593231028,0.632481506388702,17,1.0
43105117,0.3961121399186852,0.632481506388702,17,1.0
43060788,0.3857634575453433,0.632481506388702,17,1.0
43102469,0.3954319345432674,0.632481506388702,17,1.0
43115033,0.3993743382754691,0.632481506388702,17,1.0
43077756,0.3879993497013659,0.632481506388702,17,1.0
43077795,0.3879993497013659,0.632481506388702,17,1.0
43077840,0.3879993497013659,0.632481506388702,17,1.0
43113759,0.3993743382754691,0.632481506388702,17,1.0
43078520,0.3879993497013659,0.632481506388702,17,1.0
43078973,0.3879993497013659,0.632481506388702,17,1.0
43089373,0.3901214987969277,0.632481506388702,17,1.0
43089486,0.3901214987969277,0.632481506388702,17,1.0
43060321,0.3857634575453433,0.632481506388702,17,1.0
43077891,0.3879993497013659,0.632481506388702,17,1.0
