,rs876659359,rs80359381,rs587781436,rs56337919,rs886040506,rs886040531,rs587781585,rs80359524,Affx-472937119
rs876659359,1.0,0.481332,0.479123,0.40748,0.434292,0.473843,0.236064,0.365574,0.471841
rs80359381,0.481332,1.0,0.914935,0.825559,0.860528,0.937214,0.423172,0.658335,0.936878
rs587781436,0.479123,0.914935,1.0,0.764911,0.831801,0.876257,0.390595,0.620103,0.858261
rs56337919,0.40748,0.825559,0.764911,1.0,0.705107,0.818787,0.344388,0.544469,0.810333
rs886040506,0.434292,0.860528,0.831801,0.705107,1.0,0.853839,0.359551,0.625477,0.831804
rs886040531,0.473843,0.937214,0.876257,0.818787,0.853839,1.0,0.426141,0.678536,0.927976
rs587781585,0.236064,0.423172,0.390595,0.344388,0.359551,0.426141,1.0,0.316368,0.39924
rs80359524,0.365574,0.658335,0.620103,0.544469,0.625477,0.678536,0.316368,1.0,0.649145
Affx-472937119,0.471841,0.936878,0.858261,0.810333,0.831804,0.927976,0.39924,0.649145,1.0
